<?xml version="1.0" encoding="UTF-8"?>
<!--
 IBM Confidential
 OCO Source Materials
 5724L7800
 (c) Copyright IBM Corporation 2004, 2007
 The source code for this program is not published or otherwise
 divested of its trade secrets, irrespective of what has been
 deposited with the U.S. Copyright Office.
-->
<connector id="Connector_ID" version="1.5" xmlns="http://java.sun.com/xml/ns/j2ee" xmlns:xsi="http://www.w3.org/2001/XMLSchema-instance" xsi:schemaLocation="http://java.sun.com/xml/ns/j2ee http://java.sun.com/xml/ns/j2ee/connector_1_5.xsd"> 
	<display-name>IBM WebSphere Adapter for Flat Files</display-name>
 	<vendor-name>IBM</vendor-name>
  	<eis-type>Local File System</eis-type>
  	<resourceadapter-version>7.0.0.0_IF02</resourceadapter-version>
	<license>
		<description/>
		<license-required>true</license-required>
	</license>
  	                                 
  	<resourceadapter>
  		<resourceadapter-class>com.ibm.j2ca.flatfile.FlatFileResourceAdapter</resourceadapter-class>  		

  		<outbound-resourceadapter>
  			<connection-definition>
  				<managedconnectionfactory-class>com.ibm.j2ca.flatfile.FlatFileManagedConnectionFactory</managedconnectionfactory-class>
  				<connectionfactory-interface>javax.resource.cci.ConnectionFactory</connectionfactory-interface>
  				<connectionfactory-impl-class>com.ibm.j2ca.flatfile.FlatFileConnectionFactory</connectionfactory-impl-class>
  				<connection-interface>javax.resource.cci.Connection</connection-interface>
  				<connection-impl-class>com.ibm.j2ca.flatfile.FlatFileConnection</connection-impl-class>
  			</connection-definition>
  			<transaction-support>NoTransaction</transaction-support>
  			<reauthentication-support>false</reauthentication-support>
  		</outbound-resourceadapter>
  		
        <inbound-resourceadapter>
        	<messageadapter>
        		<messagelistener>
        			<messagelistener-type>commonj.connector.runtime.InboundListener</messagelistener-type>
        			<activationspec>
        				<activationspec-class>com.ibm.j2ca.flatfile.FlatFileActivationSpecWithXid</activationspec-class>
        				<!--
        				<required-config-property>
        					<config-property-name>ep_DataSource_JNDIName</config-property-name>
        				</required-config-property>
		       			<required-config-property>
		       				<config-property-name>ep_TableName</config-property-name>
		       			</required-config-property>
        				<required-config-property>
        					<config-property-name>archivingProcessed</config-property-name>
        				</required-config-property>
		       			-->
        				<required-config-property>
        					<config-property-name>eventDirectory</config-property-name>
        				</required-config-property>
        				<required-config-property>
        					<config-property-name>eventFileMask</config-property-name>
        				</required-config-property>
        				<required-config-property>
        					<config-property-name>pollPeriod</config-property-name>
        				</required-config-property>
        				<required-config-property>
        					<config-property-name>pollQuantity</config-property-name>
        				</required-config-property>
        			</activationspec>
        		</messagelistener>
        		<messagelistener>
        			<!--<messagelistener-type>com.ibm.j2ca.base.ExtendedInboundListener</messagelistener-type>-->
        			<messagelistener-type>commonj.connector.runtime.ExtendedMessageListener</messagelistener-type>
        			<activationspec>
        				<activationspec-class>com.ibm.j2ca.flatfile.FlatFileActivationSpec</activationspec-class>
        				<required-config-property>
        					<config-property-name>archivingProcessed</config-property-name>
        				</required-config-property>
        				<required-config-property>
        					<config-property-name>eventDirectory</config-property-name>
        				</required-config-property>
        				<required-config-property>
        					<config-property-name>eventFileMask</config-property-name>
        				</required-config-property>
        				<required-config-property>
        					<config-property-name>FFDatabaseName</config-property-name>
        				</required-config-property>        				
        				<required-config-property>
        					<config-property-name>FFEventTableName</config-property-name>
        				</required-config-property>
        				<required-config-property>
        					<config-property-name>pollPeriod</config-property-name>
        				</required-config-property>
        				<required-config-property>
        					<config-property-name>pollQuantity</config-property-name>
        				</required-config-property>
        				<required-config-property>
        					<config-property-name>deliveryType</config-property-name>
        				</required-config-property>
        				<required-config-property>
        					<config-property-name>autoCreateEDT</config-property-name>
        				</required-config-property>
        			</activationspec>
        		</messagelistener>        		        		        		
        	</messageadapter>
        </inbound-resourceadapter>  
        <security-permission>
	            <security-permission-spec>
	      grant {
	          permission java.security.AllPermission;
		};
	    		</security-permission-spec>
        </security-permission>
  	</resourceadapter>
</connector>