<?xml version="1.0" encoding="UTF-8"?>
<application id="Application_ID" version="1.4" xmlns="http://java.sun.com/xml/ns/j2ee" xmlns:xsi="http://www.w3.org/2001/XMLSchema-instance" xsi:schemaLocation="http://java.sun.com/xml/ns/j2ee http://java.sun.com/xml/ns/j2ee/application_1_4.xsd">
	<display-name>
	TestExecutionProjectApp</display-name>
	<module id="WebModule_1169158408425">
        <web>
            <web-uri>TestExecutionProjectWeb.war</web-uri>
            <context-root>TestExecutionProjectWeb</context-root>
        </web>
    </module>
	<module id="ConnectorModule_1272388599703">
		<connector>MoonlightJDBCAdapter.rar</connector>
	</module>
	<module id="ConnectorModule_1274227080687">
		<connector>OutboundRapidFlatFileAdapter.rar</connector>
	</module>
</application>
