<?xml version="1.0" encoding="UTF-8"?>
<body xmlns:bons1="http://BillingDomain-Msg/com/junglesea/bo" xmlns:bons11="http://ProductDomain-v1_0/com/junglesea/bo" xmlns:httpsca="http://www.ibm.com/xmlns/prod/websphere/http/sca/6.1.0" xmlns:mq="http://www.ibm.com/xmlns/prod/websphere/mq/sca/6.0.0" xmlns:p="http://CommonDomain-v1_0/com/junglesea/bo" xmlns:p1="http://BillingDomain-v1_0/com/junglesea/bo/msg" xmlns:p2="http://BillingDomain-v1_0/com/junglesea/bo" xmlns:smo="http://www.ibm.com/websphere/sibx/smo/v6.0.1" xmlns:tns="http://CustomerDomain-v1_0/com/junglesea/businessservices/interfaces/ProcessCustomerPayments" xmlns:tns1="http://www.w3.org/2005/08/addressing" xmlns:tns2="http://www.w3.org/2003/05/soap-envelope" xmlns:tns_1="wsdl.http://CustomerDomain-v1_0/com/junglesea/businessservices/interfaces/ProcessCustomerPayments" xmlns:wsa="http://schemas.xmlsoap.org/ws/2004/08/addressing" xmlns:xsi="http://www.w3.org/2001/XMLSchema-instance" xsi:noNamespaceSchemaLocation="foo.xsd">
  <tns:processPayment>
    <inputParams>
      <EntityId>EntityId</EntityId>
      <Name>Name</Name>
      <CharacteristicValue>
        <Characteristic>
          <Name>Name</Name>
          <Type>Type</Type>
        </Characteristic>
        <Value>Value</Value>
      </CharacteristicValue>
      <MessageHeader>
        <MessageId>0</MessageId>
        <FromPartyId>FromPartyId</FromPartyId>
        <ResponseStatus>SUCCESS</ResponseStatus>
        <Duplicate>true</Duplicate>
        <MessageType>REQUEST</MessageType>
        <SenderURI>SenderURI</SenderURI>
        <Priority>0</Priority>
        <MsgSpecificProperties>
          <property>
            <propName>propName</propName>
            <propValue>propValue</propValue>
          </property>
        </MsgSpecificProperties>
        <OriginateTimestamp>2001-12-31T12:00:00</OriginateTimestamp>
        <BusinessException>
          <ExceptionId>ExceptionId</ExceptionId>
          <ExceptionDescription>ExceptionDescription</ExceptionDescription>
          <ExceptionType>ExceptionType</ExceptionType>
          <Timestamp>2001-12-31T12:00:00</Timestamp>
          <SuggestedAction>SuggestedAction</SuggestedAction>
        </BusinessException>
        <InteractionDescription>InteractionDescription</InteractionDescription>
      </MessageHeader>
      <Payment>
        <PaymentRefId>PaymentRefId</PaymentRefId>
        <Amount>0.0</Amount>
        <Payor>
          <EntityId>EntityId</EntityId>
          <Name>Name</Name>
          <CharacteristicValue>
            <Characteristic>
              <Name>Name</Name>
              <Type>Type</Type>
            </Characteristic>
            <Value>Value</Value>
          </CharacteristicValue>
          <Id>Id</Id>
          <PartyType>Person</PartyType>
          <PartyDetails>
            <Person>
              <Id>Id</Id>
              <Title>Title</Title>
              <Name>
                <FirstName>FirstName</FirstName>
                <MiddleName>MiddleName</MiddleName>
                <LastName>LastName</LastName>
                <MaidenName>MaidenName</MaidenName>
              </Name>
              <Suffix>Suffix</Suffix>
              <Birthdate>Birthdate</Birthdate>
              <Gender>Gender</Gender>
              <Contact>
                <ContactPersonName>ContactPersonName</ContactPersonName>
                <Phone>Phone</Phone>
                <Fax>Fax</Fax>
                <Email>Email</Email>
                <WebSite>WebSite</WebSite>
                <Notes>Notes</Notes>
              </Contact>
              <HomeAddress>
                <SiteId>SiteId</SiteId>
                <LineOne>LineOne</LineOne>
                <LineTwo>LineTwo</LineTwo>
                <LineThree>LineThree</LineThree>
                <BuildingNumber>BuildingNumber</BuildingNumber>
                <BuildingName>BuildingName</BuildingName>
                <PostOfficeBoxNumber>PostOfficeBoxNumber</PostOfficeBoxNumber>
                <Unit>Unit</Unit>
                <Floor>Floor</Floor>
                <City>City</City>
                <County>County</County>
                <StateOrProvince>StateOrProvince</StateOrProvince>
                <PostalCode>PostalCode</PostalCode>
                <Country>Country</Country>
                <Latitude>Latitude</Latitude>
                <Longitude>Longitude</Longitude>
                <Status>Status</Status>
              </HomeAddress>
              <HomeTelephone>HomeTelephone</HomeTelephone>
            </Person>
          </PartyDetails>
        </Payor>
        <PaymentDate>2001-12-31T12:00:00</PaymentDate>
        <PaymentMethod>
          <CreditCardDetails>
            <CardType>CardType</CardType>
            <CardNumber>CardNumber</CardNumber>
            <ExpiryMonth>ExpiryMonth</ExpiryMonth>
            <ExpiryYear>ExpiryYear</ExpiryYear>
            <SecurityCode>SecurityCode</SecurityCode>
          </CreditCardDetails>
          <OtherPaymentMechanism>
            <EntityId>EntityId</EntityId>
            <Name>Name</Name>
            <CharacteristicValue>
              <Characteristic>
                <Name>Name</Name>
                <Type>Type</Type>
              </Characteristic>
              <Value>Value</Value>
            </CharacteristicValue>
          </OtherPaymentMechanism>
        </PaymentMethod>
        <Invoice>
          <InvoiceNumber>InvoiceNumber</InvoiceNumber>
          <CustomerReference>CustomerReference</CustomerReference>
          <BilledItems>
            <ProductDetails>
              <ItemCode>ItemCode</ItemCode>
              <ItemName>ItemName</ItemName>
              <ItemDescription>ItemDescription</ItemDescription>
              <ItemQuantity>0</ItemQuantity>
              <ItemUnitPrice>0.0</ItemUnitPrice>
              <ItemWeight>0.0</ItemWeight>
            </ProductDetails>
            <SKU>SKU</SKU>
            <ProductAgreement>
              <Agreement>
                <Term>2001-01-01</Term>
                <AgreementDetails>AgreementDetails</AgreementDetails>
              </Agreement>
            </ProductAgreement>
          </BilledItems>
          <Charges>
            <Taxes>0.0</Taxes>
            <InvoiceAmount>0.0</InvoiceAmount>
            <Currency xsi:type="anyType"/>
            <GeneratedDate>2001-01-01</GeneratedDate>
            <MailingDate>2001-01-01</MailingDate>
            <PaymentDueDate>2001-01-01</PaymentDueDate>
            <ReasonCode>ReasonCode</ReasonCode>
          </Charges>
        </Invoice>
        <Payee>
          <EntityId>EntityId</EntityId>
          <Name>Name</Name>
          <CharacteristicValue>
            <Characteristic>
              <Name>Name</Name>
              <Type>Type</Type>
            </Characteristic>
            <Value>Value</Value>
          </CharacteristicValue>
          <Id>Id</Id>
          <PartyType>Person</PartyType>
          <PartyDetails>
            <Person>
              <Id>Id</Id>
              <Title>Title</Title>
              <Name>
                <FirstName>FirstName</FirstName>
                <MiddleName>MiddleName</MiddleName>
                <LastName>LastName</LastName>
                <MaidenName>MaidenName</MaidenName>
              </Name>
              <Suffix>Suffix</Suffix>
              <Birthdate>Birthdate</Birthdate>
              <Gender>Gender</Gender>
              <Contact>
                <ContactPersonName>ContactPersonName</ContactPersonName>
                <Phone>Phone</Phone>
                <Fax>Fax</Fax>
                <Email>Email</Email>
                <WebSite>WebSite</WebSite>
                <Notes>Notes</Notes>
              </Contact>
              <HomeAddress>
                <SiteId>SiteId</SiteId>
                <LineOne>LineOne</LineOne>
                <LineTwo>LineTwo</LineTwo>
                <LineThree>LineThree</LineThree>
                <BuildingNumber>BuildingNumber</BuildingNumber>
                <BuildingName>BuildingName</BuildingName>
                <PostOfficeBoxNumber>PostOfficeBoxNumber</PostOfficeBoxNumber>
                <Unit>Unit</Unit>
                <Floor>Floor</Floor>
                <City>City</City>
                <County>County</County>
                <StateOrProvince>StateOrProvince</StateOrProvince>
                <PostalCode>PostalCode</PostalCode>
                <Country>Country</Country>
                <Latitude>Latitude</Latitude>
                <Longitude>Longitude</Longitude>
                <Status>Status</Status>
              </HomeAddress>
              <HomeTelephone>HomeTelephone</HomeTelephone>
            </Person>
          </PartyDetails>
        </Payee>
      </Payment>
    </inputParams>
  </tns:processPayment>
</body>
